,Tweets,id,len,date,source,likes,retweets
0,The Second Last Kingdom https://t.co/Je4EI88HmV,1357991946082418690,47,2021-02-06 09:58:04,Twitter for iPhone,114999,5209
1,@DumDin7 @Grimezsz Haven‚Äôt heard that name in years ‚Ä¶,1357973565413367808,53,2021-02-06 08:45:02,Twitter for iPhone,1032,128
2,@Grimezsz Dogecake,1357972904663687173,18,2021-02-06 08:42:25,Twitter for iPhone,3262,510
3,"YOLT

https://t.co/cnOf9yjpF1",1357970517165182979,29,2021-02-06 08:32:55,Twitter for iPhone,33143,2420
4,@Kristennetten That‚Äôs Damian,1357964347813687296,28,2021-02-06 08:08:24,Twitter for iPhone,3131,112
5,@Kristennetten Yeah,1357953080596172800,19,2021-02-06 07:23:38,Twitter for iPhone,1617,50
6,@OwenSparks_ Sure,1357952957086535680,17,2021-02-06 07:23:09,Twitter for iPhone,2330,50
7,The great thing about restaurants is that you get to hang out with strangers! - SJM,1357943711997415424,83,2021-02-06 06:46:24,Twitter for iPhone,81529,5581
8,The future currency of Earth,1357914696645414913,28,2021-02-06 04:51:07,Twitter for iPhone,114890,32183
9,@redlineshifter Just a scratch,1357913463348097025,30,2021-02-06 04:46:13,Twitter for iPhone,3545,265
10,Much wow!,1357902434580918274,9,2021-02-06 04:02:23,Twitter for iPhone,221041,20446
11,@RationalEtienne üñ§,1357657596954505216,18,2021-02-05 11:49:29,Twitter for iPhone,38696,615
12,@wonderofscience Destiny,1357637550249189380,24,2021-02-05 10:29:50,Twitter for iPhone,97303,3771
13,@RenataKonkoly @Teslarati @woodhaus2 Franz was essential,1357610056221564928,56,2021-02-05 08:40:35,Twitter for iPhone,2354,107
14,"@Erdayastronaut @josh_bickett @ajtourville @SpaceX That said, the ship landing burn has a clear solution. My greate‚Ä¶ https://t.co/e5Wikiugkz",1357602102189645824,140,2021-02-05 08:08:58,Twitter for iPhone,6845,375
15,"@Adamklotz_ @Erdayastronaut @josh_bickett @ajtourville @SpaceX Will still use hot gas maneuvering (RCS) thrusters,‚Ä¶ https://t.co/vsO9h4Ioed",1357522122915086336,139,2021-02-05 02:51:10,Twitter for iPhone,3010,125
16,@Erdayastronaut @josh_bickett @ajtourville @SpaceX Higher Isp too,1357520986602680321,65,2021-02-05 02:46:39,Twitter for iPhone,3642,113
17,"@Erdayastronaut @josh_bickett @ajtourville @SpaceX Intuitively, it would seem so, but turbopump-fed Raptors have mu‚Ä¶ https://t.co/lBTG1sIBuC",1357520341355159555,140,2021-02-05 02:44:05,Twitter for iPhone,4971,171
18,@brendan2908 @NASASpaceflight Yes,1357449138292613124,33,2021-02-04 22:01:09,Twitter for iPhone,19495,366
19,RT @SpaceX: Falcon 9 will launch @NASA‚Äôs SPHEREx mission ‚Äì which will collect data on more than 300 million galaxies and explore how the un‚Ä¶,1357447340077031424,140,2021-02-04 21:54:00,Twitter for iPhone,0,4634
20,RT @SpaceX: Falcon 9 launches 60 Starlink satellites to orbit ‚Äì mission from pad 39A on deck https://t.co/71cuCBgPNX,1357447288969428994,116,2021-02-04 21:53:48,Twitter for iPhone,0,7939
21,@mikko @Darudevil It‚Äôs true!,1357440641526038528,28,2021-02-04 21:27:23,Twitter for iPhone,3202,104
22,"@josh_bickett @ajtourville @Erdayastronaut @SpaceX Yeah. By default, engine with least lever arm would shut down if all 3 are good.",1357426784279609344,131,2021-02-04 20:32:19,Twitter for iPhone,6037,190
23,"@ajtourville @Erdayastronaut @SpaceX Yes, but engines have a min throttle point where there is flameout risk, so la‚Ä¶ https://t.co/ThniYsSnWn",1357425717500407816,140,2021-02-04 20:28:05,Twitter for iPhone,5169,143
24,@Adamklotz_ @Erdayastronaut @SpaceX Yes,1357422799330107393,39,2021-02-04 20:16:29,Twitter for iPhone,4414,113
25,"@Erdayastronaut @SpaceX It was foolish of us not to start 3 engines &amp; immediately shut down 1, as 2 are needed to land",1357422126161145856,122,2021-02-04 20:13:49,Twitter for iPhone,10571,562
26,"I am become meme,
Destroyer of shorts",1357269755112148993,37,2021-02-04 10:08:21,Twitter Web App,597660,56237
27,@commander_cruz Might actually happen,1357261861415243776,37,2021-02-04 09:36:59,Twitter Web App,11758,583
28,Sandstorm is a masterpiece,1357261308152975361,26,2021-02-04 09:34:47,Twitter Web App,316664,23995
29,@MadOverlord We were too dumb,1357256507847561217,29,2021-02-04 09:15:42,Twitter Web App,27778,1290
30,"Next time, we try pull *up* method https://t.co/J1M7WHLRDR",1357248581581889538,58,2021-02-04 08:44:12,Twitter Web App,223057,17363
31,Low-key Loki,1357248331387441153,12,2021-02-04 08:43:13,Twitter Web App,206868,14455
32,"No highs, no lows, only Doge",1357244295091208193,28,2021-02-04 08:27:10,Twitter Web App,751587,115143
33,No need to be a gigachad to own,1357241805411151873,31,2021-02-04 08:17:17,Twitter Web App,174156,16286
34,Dogecoin is the people‚Äôs crypto,1357241340313141249,31,2021-02-04 08:15:26,Twitter Web App,537143,104555
35,ur welcome https://t.co/e2KF57KLxb,1357236825589432322,34,2021-02-04 07:57:30,Twitter Web App,966199,149669
36,@HuobiGlobal The most entertaining outcome is the most likely,1357232497441005570,61,2021-02-04 07:40:18,Twitter Web App,21997,3845
37,Doge,1357231313376456708,4,2021-02-04 07:35:35,Twitter Web App,251731,46951
38,https://t.co/vviUzWhodT,1357229691824922633,23,2021-02-04 07:29:09,Twitter Web App,427286,40463
39,@Erdayastronaut High seas &amp; wind,1357225550574743554,36,2021-02-04 07:12:41,Twitter Web App,9467,246
40,This was a tough one https://t.co/beY7peFpCj,1357224748112093184,44,2021-02-04 07:09:30,Twitter Web App,93071,5302
41,RT @SpaceX: Watch Falcon 9 launch 60 Starlink satellites ‚Üí https://t.co/bJFjLCzWdK  https://t.co/Ln95rEesbW,1357224238353182720,107,2021-02-04 07:07:29,Twitter Web App,0,3071
42,Off Twitter for a while,1356524205374918659,23,2021-02-02 08:45:48,Twitter for iPhone,545106,25838
43,It will be filled with graffiti art,1356382103038947329,35,2021-02-01 23:21:08,Twitter for iPhone,122827,3495
44,@eiraum –º—ã —Å–¥–µ–ª–∞–µ–º,1356381696619282432,18,2021-02-01 23:19:31,Twitter for iPhone,3554,153
45,Giga Berlin progress https://t.co/ekpG5qcbUi,1356381230925635591,44,2021-02-01 23:17:40,Twitter for iPhone,219607,13084
46,@hamoon__ @neuralink Neuralink is working super hard to ensure implant safety &amp; is in close communication with the‚Ä¶ https://t.co/Yky1llPUMd,1356375980344893443,143,2021-02-01 22:56:48,Twitter for iPhone,67278,2464
47,RT @SpaceX: This mission enables access for everyday people who dream of going to space,1356361351535284224,87,2021-02-01 21:58:40,Twitter for iPhone,0,3820
48,RT @SpaceX: Announcing the first commercial astronaut mission to orbit Earth aboard Dragon ‚Üí https://t.co/MbESvnakAD https://t.co/ukLsjFfRjk,1356361345550012416,140,2021-02-01 21:58:39,Twitter for iPhone,0,10276
49,"If you‚Äôve worked on advanced wearables, phones or robots, those skills are needed @neuralink",1356029310893654018,92,2021-01-31 23:59:16,Twitter for iPhone,50269,2599
50,Feels weird helping make (hopefully good version of) Cyberpunk come true,1356027847073140740,72,2021-01-31 23:53:27,Twitter for iPhone,72155,3176
51,"Please consider working at Neuralink!

Short-term: solve brain/spine injuries
Long-term: human/AI symbiosis 

Latte‚Ä¶ https://t.co/qrC6aLAdS2",1356027336387252235,140,2021-01-31 23:51:25,Twitter for iPhone,138823,10958
52,https://t.co/XcCoKOjYlt,1355986133855813636,23,2021-01-31 21:07:41,Twitter for iPhone,35468,3256
53,On Clubhouse tonight at 10pm LA time,1355983231988862978,36,2021-01-31 20:56:10,Twitter for iPhone,218651,14011
54,@Erdayastronaut @TJ_Cooney @lrocket @SpaceX @FelixSchlang @MarcusHouseGame Tom has some great stories about experim‚Ä¶ https://t.co/tEEzkIwcmK,1355968487772983296,140,2021-01-31 19:57:34,Twitter for iPhone,4276,149
55,RT @Commercial_Crew: Launch Alert üöÄ @NASA and @SpaceX are targeting no earlier than April 20 for the launch of the second crew rotation mis‚Ä¶,1355958816156708866,140,2021-01-31 19:19:08,Twitter for iPhone,0,3120
56,"@Erdayastronaut @TJ_Cooney @lrocket @SpaceX @FelixSchlang @MarcusHouseGame He became a big fan of methane, but was‚Ä¶ https://t.co/mdv0vDEFyC",1355953331236077569,139,2021-01-31 18:57:21,Twitter for iPhone,5092,198
57,@TJ_Cooney @lrocket @SpaceX @FelixSchlang @MarcusHouseGame That sounds correct. Tom certainly deserves a lot of cre‚Ä¶ https://t.co/hDRI4HfA8b,1355950684764426244,140,2021-01-31 18:46:50,Twitter for iPhone,1841,63
58,@TJ_Cooney @lrocket @SpaceX @FelixSchlang @MarcusHouseGame Tom is great &amp; was instrumental in developing early vers‚Ä¶ https://t.co/ULxTClM1g6,1355949039812927489,144,2021-01-31 18:40:18,Twitter for iPhone,3268,92
59,"@ErcXspace @smvllstvrs T/W will be ~1.5, so it will accelerate unusually fast. High T/W is important for reusable v‚Ä¶ https://t.co/u1z2CPRRQJ",1355627125802299393,140,2021-01-30 21:21:07,Twitter for iPhone,9275,364
60,@we5dogg @teslaownersSV No escaping that for me,1355619535005446145,47,2021-01-30 20:50:57,Twitter for iPhone,2547,145
61,@TheBabylonBee Read the whole article ü§£ü§£,1355615401007140864,40,2021-01-30 20:34:32,Twitter for iPhone,23701,1785
62,"Warm, sunny day &amp; snowy mountains https://t.co/2k8psyqU4J",1355614946407575553,61,2021-01-30 20:32:43,Twitter for iPhone,125744,2790
63,What a beautiful day in LA https://t.co/EsCJTbzO9D,1355612927412191233,50,2021-01-30 20:24:42,Twitter for iPhone,343531,12542
64,"@JayLav_ Yeah, Dr Frankensteen https://t.co/WDJ9K2UJqK",1355600871854198784,54,2021-01-30 19:36:48,Twitter for iPhone,2978,90
65,@YounesH1989 I never used this guy. He gave a talk at SpaceX once.,1355596610432995328,66,2021-01-30 19:19:52,Twitter for iPhone,18148,833
66,@flcnhvy Only Halo,1355469005708947457,18,2021-01-30 10:52:49,Twitter for iPhone,22646,2508
67,https://t.co/pyRCFE97Xp,1355452426875064320,23,2021-01-30 09:46:56,Twitter for iPhone,119336,4410
68,@Carnage4Life I sure hope that‚Äôs not true at Tesla or SpaceX!,1355295257986883584,61,2021-01-29 23:22:24,Twitter for iPhone,76316,1827
69,"@thejackbeyer @NASASpaceflight Cryoproof, then install engines",1355294612324114432,62,2021-01-29 23:19:50,Twitter for iPhone,7037,260
70,Starship SN9 &amp; SN10 https://t.co/urtPJn7amo,1355255403945332737,47,2021-01-29 20:44:02,Twitter for iPhone,523995,38631
71,"In retrospect, it was inevitable",1355068728128516101,32,2021-01-29 08:22:15,Twitter for iPhone,614004,59526
72,@RGVaerialphotos Great shot,1355021874850394114,27,2021-01-29 05:16:04,Twitter for iPhone,22639,470
73,"@its_menieb Live by the sword, die by the sword",1354954300041080835,47,2021-01-29 00:47:33,Twitter for iPhone,19050,1598
74,@lexfridman Entropy,1354951746305585152,19,2021-01-29 00:37:24,Twitter for iPhone,34996,1269
75,@teslaownersSV @GameSpot Buy &amp; hold companies that make goods &amp; produce services you love,1354951380037984256,97,2021-01-29 00:35:57,Twitter for iPhone,34435,3834
76,@engineers_feed Earth is small &amp; we are smaller still https://t.co/gTOhcLGJ82,1354950673394266118,81,2021-01-29 00:33:08,Twitter for iPhone,8323,532
77,@GameSpot üëÄ,1354939790064496653,11,2021-01-28 23:49:54,Twitter for iPhone,111064,4955
78,"With Cyberpunk, even the hotfixes literally have hotfixes, but ‚Ä¶ great game",1354934611953016843,75,2021-01-28 23:29:19,Twitter for iPhone,347316,15844
79,https://t.co/a6kmk0PEgM,1354924057825837060,23,2021-01-28 22:47:23,Twitter for iPhone,458435,75110
80,@DocumentingBTC The dollar is shorting itself,1354920578482888707,45,2021-01-28 22:33:33,Twitter for iPhone,30197,3363
81,@westcoastbill Indeed,1354919962796810241,21,2021-01-28 22:31:06,Twitter for iPhone,13876,511
82,@JohnnaCrider1 @Iupsychdoctor @AOC @RobinhoodApp Shopify is great too. SpaceX used them.,1354904849234751499,88,2021-01-28 21:31:03,Twitter for iPhone,9167,482
83,@ohqwix @BnnJ6bCghvzQxLb ü§£ü§£,1354894906968449028,27,2021-01-28 20:51:33,Twitter for iPhone,10131,183
84,@wimgrommen @WSBChairman Indeed. The economy ‚Äî making useful products &amp; providing great services ‚Äî is what actually matters.,1354894734582550533,128,2021-01-28 20:50:52,Twitter for iPhone,9138,631
85,"@Iupsychdoctor @AOC @RobinhoodApp TANSTAAFL. Would be better to have small fees than no fees, as latter makes Robin‚Ä¶ https://t.co/czRhLolYVO",1354894148566978561,140,2021-01-28 20:48:32,Twitter for iPhone,4987,259
86,"Here come the shorty apologists
Give them no respect
Get Shorty",1354891972406865922,63,2021-01-28 20:39:53,Twitter for iPhone,624965,70789
87,"u can‚Äôt sell houses u don‚Äôt own
u can‚Äôt sell cars u don‚Äôt own
but 
u *can* sell stock u don‚Äôt own!?
this is bs ‚Äì sh‚Ä¶ https://t.co/vJkf9BqbOD",1354890601649610753,140,2021-01-28 20:34:26,Twitter for iPhone,743283,140818
88,@RationalEtienne @teslavangelist Yes,1354879283588694017,36,2021-01-28 19:49:28,Twitter for iPhone,7091,355
89,"@28delayslater Finishing engineering this year, production starts next year. Aiming to have release candidate desig‚Ä¶ https://t.co/bFverxpOQU",1354869981146738693,140,2021-01-28 19:12:30,Twitter for iPhone,6807,308
90,@PPathole @Grimezsz I made that video!,1354868513127718914,38,2021-01-28 19:06:40,Twitter for iPhone,5213,126
91,@AOC @RobinhoodApp Absolutely,1354862805770526723,29,2021-01-28 18:43:59,Twitter for iPhone,177212,14911
92,"@NASASpaceflight Unlike its aircraft division, which is fine, the FAA space division has a fundamentally broken reg‚Ä¶ https://t.co/sI63AXBJbz",1354862567680847876,140,2021-01-28 18:43:02,Twitter for iPhone,21478,2502
93,@EvanKaylor Nomad,1354766197867368457,17,2021-01-28 12:20:06,Twitter for iPhone,12014,219
94,@anbuteau ü§ó,1354761802417057793,11,2021-01-28 12:02:38,Twitter for iPhone,8438,262
95,The esthetics of Cyberpunk are incredible btw. The interior design isüëå.,1354759710126338056,71,2021-01-28 11:54:19,Twitter for iPhone,114863,2572
96,@TrevorMahlmann @SpaceX Major esthetics improvements coming,1354700252251615232,59,2021-01-28 07:58:03,Twitter for iPhone,6935,213
97,@teslaownersSV @DMC_Ryan A little,1354686605261496320,33,2021-01-28 07:03:50,Twitter for iPhone,5042,186
98,@DMC_Ryan New Roadster is part rocket,1354686408036933638,37,2021-01-28 07:03:03,Twitter for iPhone,4905,291
99,@DMC_Ryan @lafebra @Gfilche There‚Äôs more storage now &amp; easily upgradable,1354686080260452354,76,2021-01-28 07:01:45,Twitter for iPhone,2673,92
100,@avalonpenrose https://t.co/djdZxQ4Maz,1354684921235836928,38,2021-01-28 06:57:08,Twitter for iPhone,20960,1294
101,@Couch_Investor Yes,1354682666742902794,19,2021-01-28 06:48:11,Twitter for iPhone,15055,319
102,"@24_7TeslaNews @WholeMarsBlog Yeah, probably in a few months",1354682168254083077,60,2021-01-28 06:46:12,Twitter for iPhone,1836,58
103,"@WholeMarsBlog After you drive without using a PRND stalk/stick for a few days, it gets very annoying to go back &amp; use a shifter!",1354681874258538496,133,2021-01-28 06:45:02,Twitter for iPhone,2556,175
104,"@WholeMarsBlog No more stalks. Car guesses drive direction based on what obstacles it sees, context &amp; nav map. You‚Ä¶ https://t.co/6gO7EHq9qy",1354680585139187713,143,2021-01-28 06:39:54,Twitter for iPhone,10674,626
105,@avalonpenrose A hedge fund that shorts is a shrubbery,1354667352625979395,54,2021-01-28 05:47:20,Twitter for iPhone,64370,4177
106,@lafebra @Gfilche https://t.co/M0WwQSTAXm,1354666567884304385,41,2021-01-28 05:44:12,Twitter for iPhone,2099,145
107,"@lafebra @Gfilche Yeah, also a rear screen",1354623865398419457,42,2021-01-28 02:54:31,Twitter for iPhone,2250,80
108,0 to 155mph trap speed in a 1/4 mile. 200mph top speed (with right tires).,1354620643967438855,74,2021-01-28 02:41:43,Twitter for iPhone,79392,2334
109,First production car ever to achieve 0 to 60 mph in less than 2 seconds,1354619181585543178,71,2021-01-28 02:35:55,Twitter for iPhone,134107,5844
110,It can play Cyberpunk,1354618772586426368,21,2021-01-28 02:34:17,Twitter for iPhone,216760,8971
111,Plaid Model S ships next month https://t.co/HFUPTnQiPB,1354618504532684802,54,2021-01-28 02:33:13,Twitter for iPhone,481464,34852
112,Even Discord has gone corpo ‚Ä¶,1354609515564560392,29,2021-01-28 01:57:30,Twitter for iPhone,586345,45451
113,@Jason Yup. Wild times on Discord haha.,1354207855109410819,39,2021-01-26 23:21:27,Twitter for iPhone,34691,1464
114,https://t.co/F23fxQkBCE,1354202453252710402,23,2021-01-26 22:59:59,Twitter for iPhone,54549,2207
115,@AndyColt2 Waiting for FAA review ‚Ä¶,1354174713103319043,35,2021-01-26 21:09:45,Twitter for iPhone,6850,206
116,"Gamestonk!! 
https://t.co/RZtkDzAewJ",1354174279894642703,36,2021-01-26 21:08:02,Twitter for iPhone,253085,38207
117,@LabPadre Passed initial pressure test,1354172189679955970,38,2021-01-26 20:59:43,Twitter for iPhone,8280,276
118,@AdamHoov Yes,1354162580810588160,13,2021-01-26 20:21:33,Twitter for iPhone,15605,326
119,@PPathole https://t.co/v7cffwac0A,1354040068835569664,33,2021-01-26 12:14:43,Twitter for iPhone,15289,724
120,Bought a hand knit wool Marvin the Martian helm for my dog,1354029548334178304,58,2021-01-26 11:32:55,Twitter for iPhone,135715,2767
121,https://t.co/gpcvjIBTLM,1354028345629974530,23,2021-01-26 11:28:08,Twitter for iPhone,67961,5649
122,I kinda love Etsy,1354027651468550144,17,2021-01-26 11:25:23,Twitter for iPhone,329922,18294
123,@thesheetztweetz It does not serve the public to hamstring Starlink today for an Amazon satellite system that is at‚Ä¶ https://t.co/sNiGKxdXFP,1354018055014260738,140,2021-01-26 10:47:15,Twitter for iPhone,4640,366
124,@nextspaceflight We‚Äôre hoping for FAA approval of a test flight tomorrow afternoon,1354015481217359878,82,2021-01-26 10:37:01,Twitter for iPhone,12106,641
125,@WholeMarsBlog The entire ‚Äústack‚Äù from data collection through labeling &amp; inference has to be in surround video. Th‚Ä¶ https://t.co/u90Sqjkn8U,1353667962213953536,144,2021-01-25 11:36:06,Twitter for iPhone,2717,166
126,"@flcnhvy @WholeMarsBlog Yes, although it will be crazy not to turn  on FSD",1353665950290235394,74,2021-01-25 11:28:07,Twitter for iPhone,2638,89
127,@WholeMarsBlog Tesla is steadily moving all NNs to 8 camera surround video. This will enable superhuman self-driving.,1353663687505178627,117,2021-01-25 11:19:07,Twitter for iPhone,3630,353
128,"@naval [Some tyranny]. Also, the road to hell is mostly paved with bad intentions.",1353648739081138176,82,2021-01-25 10:19:43,Twitter for iPhone,8345,401
129,@levine Catchy! https://t.co/Au32MYF2Rn,1353640269602816006,39,2021-01-25 09:46:04,Twitter for iPhone,2767,78
130,@Megaconstellati @Aviation_Intel @jetcitystar @larrypress All sats launched next year will have laser links. Only o‚Ä¶ https://t.co/CeoFLi8Lzm,1353574169288396800,140,2021-01-25 05:23:24,Twitter for iPhone,2380,170
131,@Megaconstellati @Aviation_Intel @jetcitystar @larrypress Yup,1353569026031534083,61,2021-01-25 05:02:58,Twitter for iPhone,1418,39
132,@TeslaGong @teslaownersSV @cleantechnica I hope so,1353566900475752453,50,2021-01-25 04:54:31,Twitter for iPhone,1356,46
133,"@Tesmanian_com These also have laser links between the satellites, so no ground stations are needed over the poles",1353566586985013254,114,2021-01-25 04:53:17,Twitter for iPhone,11770,533
134,@teslaownersSV @cleantechnica Sorry for the version confusion. V8.1 is what it should say for FSD. Separate version number for rest of car.,1353565700170805250,139,2021-01-25 04:49:45,Twitter for iPhone,1054,54
135,"@cleantechnica To my surprise, Tesla has better AI hardware &amp; software than Waymo (money)",1353564655088619520,93,2021-01-25 04:45:36,Twitter for iPhone,22649,1016
136,@RicGuccio @teslaownersSV It floats,1353548335768956929,35,2021-01-25 03:40:45,Twitter for iPhone,6135,355
137,@flcnhvy @boringcompany Fallout-themed opening party for Vegas Loop happening as soon as allowed!,1353438960173731841,97,2021-01-24 20:26:08,Twitter for iPhone,11531,464
138,@Alex_E_Benton @boringcompany ü§£ü§£,1353429525502148609,32,2021-01-24 19:48:39,Twitter for iPhone,8095,101
139,Under Vegas in @boringcompany tunnel yesterday with my boys https://t.co/tLfOuiEdFm,1353428970121793537,83,2021-01-24 19:46:26,Twitter for iPhone,209281,9706
140,@PPathole @SpaceX Lasers,1353408098342326276,24,2021-01-24 18:23:30,Twitter for iPhone,3147,133
141,"RT @SpaceX: SpaceX‚Äôs rideshare offering provides increased access to space for small satellite operators seeking a reliable, affordable rid‚Ä¶",1353405149759238144,140,2021-01-24 18:11:47,Twitter for iPhone,0,2580
142,RT @SpaceX: Falcon 9‚Äôs first stage has landed on the Of Course I Still Love You droneship https://t.co/6gWWlLiXdG,1353402068673781760,113,2021-01-24 17:59:32,Twitter for iPhone,0,4340
143,RT @SpaceX: Liftoff! https://t.co/js3zVM77rH,1353402056027955200,44,2021-01-24 17:59:29,Twitter for iPhone,0,6887
144,@CodeWisdom üíØ,1353211813928853507,13,2021-01-24 05:23:32,Twitter for iPhone,40647,943
145,@teslascope We‚Äôre switching to a more sensible FSD version numbering to distinguish between major &amp; minor updates.‚Ä¶ https://t.co/QmHipv5zQs,1353108511610204160,143,2021-01-23 22:33:03,Twitter for iPhone,5012,300
146,"@NASASpaceflight Hopefully, early next week",1353001518232784898,43,2021-01-23 15:27:54,Twitter for iPhone,5920,332
147,"RT @SpaceX: Due to unfavorable weather, we are standing down from today's launch; the team will continue with the countdown until T-30 seco‚Ä¶",1352996297167364096,140,2021-01-23 15:07:09,Twitter for iPhone,0,2377
148,"@arstechnica @SciGuySpace Given so many other companies are depending on this mission, it is getting even more scru‚Ä¶ https://t.co/GBY9NACrSn",1352795367050416129,140,2021-01-23 01:48:43,Twitter for iPhone,15003,435
149,Launching many small satellites for a wide range of customers tomorrow. Excited about offering low-cost access to o‚Ä¶ https://t.co/w66u5qdUh9,1352757268626849797,140,2021-01-22 23:17:20,Twitter for iPhone,77887,5703
150,"@GerberKawasaki They are part of the solution, but require lots of fresh water &amp; land. We may need something that‚Äôs‚Ä¶ https://t.co/FWXsmo0f8t",1352708606995570689,144,2021-01-22 20:03:58,Twitter for iPhone,16808,803
151,@Erdayastronaut @SpaceX SN9 https://t.co/kwTVwM7MBn,1352688552539131904,51,2021-01-22 18:44:17,Twitter for iPhone,29252,1506
152,"@Erdayastronaut It‚Äôs a good path for fully renewable rocket energy, so solves part of problem, but longer chain hyd‚Ä¶ https://t.co/xUGrZQiJzX",1352413001068896258,140,2021-01-22 00:29:20,Twitter for iPhone,17864,534
153,Details next week,1352392730408673281,17,2021-01-21 23:08:47,Twitter for iPhone,97331,3258
154,Am donating $100M towards a prize for best carbon capture technology,1352392678177034242,68,2021-01-21 23:08:35,Twitter for iPhone,609866,58554
155,@Kristennetten @SpaceX @EliBurton_ @EvaFoxU @JaneidyEve @austinbarnard45 @ElonsBrain @JasoN7Patterson @AstroJordy @RenataKonkoly Pretty much,1352390913411010561,140,2021-01-21 23:01:34,Twitter for iPhone,22116,280
156,@ElonsWorld @Tesla @SpaceX @neuralink @boringcompany @EashanMisra That would probably mean civilization is doing gr‚Ä¶ https://t.co/sIAr8iFvWc,1352360387581149186,140,2021-01-21 21:00:16,Twitter for iPhone,26367,635
157,@LaurenRow5 @EvaFoxU @RenataKonkoly @sarapolak_cz @seanmmitchell @28delayslater @ElonsWorld @JohnnaCrider1‚Ä¶ https://t.co/vv6TthKR55,1352328421028712450,131,2021-01-21 18:53:15,Twitter for iPhone,9522,236
158,@TesLatino @Tesla Absolutely! They rock. üñ§,1352042407450308608,42,2021-01-20 23:56:44,Twitter for iPhone,17768,309
159,RT @SpaceX: Falcon 9 launches Starlink to orbit ‚Äì the eighth launch and landing of this booster https://t.co/zyj8ZdDFql,1351950992154230789,119,2021-01-20 17:53:29,Twitter for iPhone,0,5776
160,@kellyreid The rate-limiting part or process in cell production is constantly changing,1351091719597649921,86,2021-01-18 08:59:02,Twitter for iPhone,3820,141
161,"@FrancisSuarez @CityofMiami Cars &amp; trucks stuck in traffic generate megatons of toxic gases &amp; particulate, but‚Ä¶ https://t.co/JcQIaCxJno",1351091106805645312,143,2021-01-18 08:56:36,Twitter for iPhone,11284,1199
162,"@RationalEtienne @OwenSparks_ @Tesla With our giant casting machines, we are literally trying to make full-size car‚Ä¶ https://t.co/CHGQMaIYTs",1351056061759967240,140,2021-01-18 06:37:21,Twitter for iPhone,6910,508
163,@lexfridman @tegmark Tegmark is an exceptionally smart &amp; good human,1351055221586276353,71,2021-01-18 06:34:00,Twitter for iPhone,8699,247
164,"@OwenSparks_ The best manufacturing technology is in ultra high volume industries, like food &amp; beverage, some medical (eg syringes) &amp; toys",1351050159333978116,146,2021-01-18 06:13:53,Twitter for iPhone,5411,247
165,Battery cell production is the fundamental rate-limiter slowing down a sustainable energy future. Very important pr‚Ä¶ https://t.co/9ybABEzxCV,1351044768030142464,140,2021-01-18 05:52:28,Twitter for iPhone,144260,11413
166,@p_ferragu Looking into this. No question that FSD should be viewed as reasonably valuable when doing a trade-in.,1351016753372016647,113,2021-01-18 04:01:09,Twitter for iPhone,6626,287
167,@tobyliiiiiiiiii @Erdayastronaut For sure,1350982534201569290,41,2021-01-18 01:45:10,Twitter for iPhone,4235,82
168,@Erdayastronaut Glad you‚Äôre ok,1350978152542195715,30,2021-01-18 01:27:46,Twitter for iPhone,8293,151
169,@Virgin_Orbit Congratulations!,1350977164301258759,30,2021-01-18 01:23:50,Twitter for iPhone,4394,168
170,@teslaownersSV This is a good one,1350916326165008396,33,2021-01-17 21:22:05,Twitter for iPhone,14955,268
171,@MrBeastYT I whistle,1350577525769043979,20,2021-01-16 22:55:49,Twitter for iPhone,127561,2194
172,@DMC_Ryan @C_R_H_M @Tesla Cybertruck doesn‚Äôt need a garage,1350254430512361474,58,2021-01-16 01:31:57,Twitter for iPhone,7611,416
173,@DMC_Ryan @Tesla It will be awesome,1350253896267083776,35,2021-01-16 01:29:50,Twitter for iPhone,34999,708
174,@owenshift Good point,1350253575344152583,21,2021-01-16 01:28:33,Twitter for iPhone,2688,55
175,@signalapp Your server-side code is doing too much,1350251607737442310,50,2021-01-16 01:20:44,Twitter for iPhone,8076,349
176,@Wikipedia Happy birthday Wikipedia! So glad you exist.,1350203005971398659,55,2021-01-15 22:07:36,Twitter for iPhone,44772,1741
177,@TheOnion Guess you been watching Cobra Kai,1350201582827302913,43,2021-01-15 22:01:57,Twitter for iPhone,32429,895
178,@SuperclusterHQ @w00ki33 Fallout New Texas,1350011037039415296,42,2021-01-15 09:24:47,Twitter for iPhone,21289,704
179,@Breedlove22 @benmezrich Only Chuck Norris can divide by zero,1349995606387912704,61,2021-01-15 08:23:28,Twitter for iPhone,7654,497
180,@Cerberu21014829 @Breedlove22 @benmezrich Good point,1349994270627926017,52,2021-01-15 08:18:10,Twitter for iPhone,2427,153
181,"@Breedlove22 @benmezrich The thing we call money is just an information system for labor allocation. 

What actuall‚Ä¶ https://t.co/JZ6zmQGBO3",1349977642708168704,140,2021-01-15 07:12:06,Twitter for iPhone,14946,3041
182,"Monty Python is amazing
https://t.co/UJq94IWT88",1349970666477527042,47,2021-01-15 06:44:22,Twitter for iPhone,105634,7655
183,@RationalEtienne @tobyliiiiiiiiii @Erdayastronaut They sure can twist the knife in that show!,1349961119054639105,93,2021-01-15 06:06:26,Twitter for iPhone,1777,49
184,@tobyliiiiiiiiii @Erdayastronaut Probably wise,1349957857446391808,46,2021-01-15 05:53:28,Twitter for iPhone,2872,50
185,@Erdayastronaut We‚Äôre making major improvements to ease of engine swap. Needs to be a few hours at most.,1349956371127672834,104,2021-01-15 05:47:34,Twitter for iPhone,9309,264
186,"@PPathole @johnkrausphotos @SpaceX Two of the engines need slight repairs, so will be switched out",1349954804999725056,98,2021-01-15 05:41:21,Twitter for iPhone,3960,185
187,@johnkrausphotos @SpaceX Nice shot,1349949822795706369,34,2021-01-15 05:21:33,Twitter for iPhone,3874,81
188,"@realOmarAbdalah We don‚Äôt have high school internships, but please apply when you‚Äôre in college!",1349948702778134529,96,2021-01-15 05:17:06,Twitter for iPhone,3089,92
189,"@skorusARK Prototypes are easy, volume production is hard, positive cash flow is  excruciating",1349818740725084161,94,2021-01-14 20:40:40,Twitter for iPhone,6140,555
190,@Tesla Physics,1349582915496267776,14,2021-01-14 05:03:35,Twitter for iPhone,51038,1654
191,"RT @SpaceX: Splashdown of Dragon confirmed, completing SpaceX‚Äôs 21st @Space_Station resupply mission and the first return of a cargo resupp‚Ä¶",1349564729417756672,140,2021-01-14 03:51:19,Twitter for iPhone,0,3372
192,@Erdayastronaut Detanking &amp; inspections now. Good progress towards our ‚ÄúHop in &amp; go to Mars!‚Äù goal.,1349478110027280386,107,2021-01-13 22:07:08,Twitter for iPhone,12665,550
193,All three static fires completed &amp; no RUDs!,1349473054699769859,47,2021-01-13 21:47:02,Twitter for iPhone,66050,1820
194,"@justpaulinelol @Erdayastronaut @SpaceX Wow, a lot has happened in 10 years!",1349472264039915522,76,2021-01-13 21:43:54,Twitter for iPhone,3368,105
195,@OfficialJlipper Fair enough haha,1349467515030822913,33,2021-01-13 21:25:02,Twitter for iPhone,47463,532
196,https://t.co/ho7yGXAS3a,1349466269121179653,23,2021-01-13 21:20:05,Twitter for iPhone,391463,34716
197,@NASASpaceflight Sea shanty tiktok takes it to a new level with actual pirate ships,1349459692515434502,83,2021-01-13 20:53:57,Twitter for iPhone,4249,141
198,@ConnectDotsToo Sure,1349458089020436481,20,2021-01-13 20:47:34,Twitter for iPhone,5328,92
199,Today at SpaceX is about practicing Starship engine starts. Ship is held down by massive pins while engines are fir‚Ä¶ https://t.co/QtIiWLxXPl,1349432529657294848,140,2021-01-13 19:06:00,Twitter for iPhone,168044,7326
